                  epoch,         train/box_loss,         train/cls_loss,         train/dfl_loss,   metrics/precision(B),      metrics/recall(B),       metrics/mAP50(B),    metrics/mAP50-95(B),           val/box_loss,           val/cls_loss,           val/dfl_loss,                 lr/pg0,                 lr/pg1,                 lr/pg2
                      1,                0.78854,                  2.544,                 1.3362,                0.37828,                0.49986,                0.40111,                  0.252,                 1.0978,                 3.0094,                  1.658,             0.00036717,             0.00036717,             0.00036717
                      2,                0.78565,                 1.9122,                 1.3187,                0.50517,                0.49847,                0.50629,                0.34532,                 1.0817,                 2.6731,                 1.6715,             0.00059148,             0.00059148,             0.00059148
                      3,                0.78388,                 1.6985,                 1.3145,                0.58046,                0.64051,                0.65372,                0.49062,                0.89481,                 2.0081,                 1.4185,             0.00066913,             0.00066913,             0.00066913
                      4,                0.75224,                 1.5262,                 1.2831,                0.52536,                0.60188,                0.57677,                0.44315,                0.87045,                 1.9561,                 1.3584,             0.00045107,             0.00045107,             0.00045107
                      5,                0.70932,                 1.4188,                 1.2542,                0.59119,                  0.667,                0.67212,                0.52369,                0.82002,                 1.7592,                 1.3138,             0.00045107,             0.00045107,             0.00045107
