                  epoch,         train/box_loss,         train/cls_loss,         train/dfl_loss,   metrics/precision(B),      metrics/recall(B),       metrics/mAP50(B),    metrics/mAP50-95(B),           val/box_loss,           val/cls_loss,           val/dfl_loss,                 lr/pg0,                 lr/pg1,                 lr/pg2
                      1,                0.78854,                  2.544,                 1.3362,                0.37828,                0.49986,                0.40111,                  0.252,                 1.0978,                 3.0094,                  1.658,             0.00036717,             0.00036717,             0.00036717
                      2,                0.79674,                 1.9228,                 1.3223,                0.49232,                0.59368,                0.54154,                0.36768,                 1.0305,                 2.3657,                 1.6448,             0.00061581,             0.00061581,             0.00061581
                      3,                  0.806,                 1.7303,                 1.3297,                 0.5889,                0.56539,                0.57756,                0.42145,                0.98201,                 2.2195,                 1.5581,             0.00074225,             0.00074225,             0.00074225
                      4,                 0.7721,                  1.581,                 1.3018,                0.59762,                0.63898,                0.63917,                0.46859,                0.93375,                 1.8858,                  1.436,             0.00056105,             0.00056105,             0.00056105
                      5,                0.73376,                 1.4403,                 1.2692,                0.54429,                0.57823,                0.62777,                0.49497,                0.84752,                 1.9329,                 1.3788,             0.00056105,             0.00056105,             0.00056105
                      6,                0.71206,                 1.3731,                  1.269,                0.66371,                0.68937,                0.73729,                 0.5863,                0.81378,                 1.5267,                 1.2981,             0.00037774,             0.00037774,             0.00037774
